Genre,Titles
International Movies,2437
Dramas,2106
Comedies,1471
International TV Shows,1199
Documentaries,786
Action & Adventure,721
TV Dramas,704
Independent Movies,673
Children & Family Movies,532
Romantic Movies,531
TV Comedies,525
Thrillers,491
Crime TV Shows,427
Kids' TV,414
Docuseries,353
Romantic TV Shows,333
Stand-Up Comedy,329
Music & Musicals,321
Horror Movies,312
British TV Shows,232
Reality TV,222
Sci-Fi & Fantasy,218
Sports Movies,196
Korean TV Shows,150
TV Action & Adventure,150
Anime Series,148
Spanish-Language TV Shows,147
Classic Movies,103
LGBTQ Movies,90
TV Mysteries,90
Science & Nature TV,85
TV Sci-Fi & Fantasy,76
TV Horror,69
Teen TV Shows,60
Cult Movies,59
Faith & Spirituality,57
Anime Features,57
Movies,56
Stand-Up Comedy & Talk Shows,52
TV Thrillers,50
Classic & Cult TV,27
TV Shows,12
